{"cameraMode":{"drawMode":0,"name":"Shaded","section":"Shading Mode"},"sceneLighting":false,"audioPlay":false,"sceneViewState":{"showFog":true,"showMaterialUpdate":true,"showSkybox":false,"showFlares":true,"showImageEffects":true,"showParticleSystems":true},"in2DMode":false,"pivot":{"x":-2.2099997997283937,"y":1.7170519828796387,"z":-2.0798611640930177},"rotation":{"x":0.07746273279190064,"y":0.6832088828086853,"z":-0.07323262840509415,"w":0.722436785697937},"size":6.289184093475342,"orthographic":false}