{"cameraMode":{"drawMode":0,"name":"Shaded","section":"Shading Mode"},"sceneLighting":false,"audioPlay":false,"sceneViewState":{"showFog":true,"showMaterialUpdate":true,"showSkybox":false,"showFlares":true,"showImageEffects":true,"showParticleSystems":true},"in2DMode":false,"pivot":{"x":7.455343723297119,"y":3.0111188888549806,"z":-15.670999526977539},"rotation":{"x":-0.050596434623003009,"y":0.9248295426368713,"z":-0.13081815838813783,"w":-0.35409873723983767},"size":7.166393280029297,"orthographic":false}