{"cameraMode":{"drawMode":0,"name":"Shaded","section":"Shading Mode"},"sceneLighting":false,"audioPlay":false,"sceneViewState":{"showFog":true,"showMaterialUpdate":true,"showSkybox":false,"showFlares":true,"showImageEffects":true,"showParticleSystems":true},"in2DMode":false,"pivot":{"x":-1.1920928955078126e-7,"y":0.4512300491333008,"z":2.9802322387695315e-8},"rotation":{"x":0.010123373940587044,"y":-0.9919701218605042,"z":0.09355874359607697,"w":0.08814585953950882},"size":3.849984645843506,"orthographic":false}