{"cameraMode":{"drawMode":0,"name":"Shaded","section":"Shading Mode"},"sceneLighting":false,"audioPlay":false,"sceneViewState":{"showFog":true,"showMaterialUpdate":true,"showSkybox":false,"showFlares":true,"showImageEffects":true,"showParticleSystems":true},"in2DMode":false,"pivot":{"x":-2.9802322387695315e-8,"y":0.3651769757270813,"z":2.2351741790771486e-8},"rotation":{"x":0.12239930033683777,"y":0.8186149597167969,"z":-0.19181238114833833,"w":0.5277420878410339},"size":1.5354200601577759,"orthographic":false}