{"cameraMode":{"drawMode":0,"name":"Shaded","section":"Shading Mode"},"sceneLighting":true,"audioPlay":false,"sceneViewState":{"showFog":true,"showMaterialUpdate":true,"showSkybox":false,"showFlares":true,"showImageEffects":true,"showParticleSystems":true},"in2DMode":false,"pivot":{"x":226.74620056152345,"y":1.0900001525878907,"z":47.5},"rotation":{"x":0.13777130842208863,"y":-0.6234176754951477,"z":0.1116832047700882,"w":0.7622383832931519},"size":4.041658401489258,"orthographic":false}