{"cameraMode":{"drawMode":0,"name":"Shaded","section":"Shading Mode"},"sceneLighting":true,"audioPlay":false,"sceneViewState":{"showFog":true,"showMaterialUpdate":true,"showSkybox":false,"showFlares":true,"showImageEffects":true,"showParticleSystems":true},"in2DMode":false,"pivot":{"x":10.354744911193848,"y":3.3528313636779787,"z":-5.189817428588867},"rotation":{"x":-0.21617105603218079,"y":-0.08546715974807739,"z":0.01885952055454254,"w":-0.9725800156593323},"size":4.907386779785156,"orthographic":false}