{"cameraMode":{"drawMode":0,"name":"Shaded","section":"Shading Mode"},"sceneLighting":true,"audioPlay":false,"sceneViewState":{"showFog":true,"showMaterialUpdate":true,"showSkybox":false,"showFlares":true,"showImageEffects":true,"showParticleSystems":true},"in2DMode":false,"pivot":{"x":232.80392456054688,"y":1.604475736618042,"z":42.8123779296875},"rotation":{"x":-0.002607939764857292,"y":-0.9785619974136353,"z":0.20551180839538575,"w":-0.014138652943074704},"size":5.713390350341797,"orthographic":false}