{"cameraMode":{"drawMode":0,"name":"Shaded","section":"Shading Mode"},"sceneLighting":true,"audioPlay":false,"sceneViewState":{"showFog":true,"showMaterialUpdate":true,"showSkybox":true,"showFlares":true,"showImageEffects":true,"showParticleSystems":true},"in2DMode":false,"pivot":{"x":509.8360900878906,"y":272.3171691894531,"z":-7.341524600982666},"rotation":{"x":0.039279788732528689,"y":0.03418971598148346,"z":-0.0010731976944953204,"w":0.998776912689209},"size":719.1912841796875,"orthographic":false}