{"cameraMode":{"drawMode":0,"name":"Shaded","section":"Shading Mode"},"sceneLighting":true,"audioPlay":false,"sceneViewState":{"showFog":true,"showMaterialUpdate":true,"showSkybox":true,"showFlares":true,"showImageEffects":true,"showParticleSystems":true},"in2DMode":false,"pivot":{"x":345.1449279785156,"y":1.3718103170394898,"z":49.818931579589847},"rotation":{"x":0.21159909665584565,"y":-0.7736156582832336,"z":0.49784326553344729,"w":0.3316998779773712},"size":3.087944507598877,"orthographic":false}