{"cameraMode":{"drawMode":0,"name":"Shaded","section":"Shading Mode"},"sceneLighting":false,"audioPlay":false,"sceneViewState":{"showFog":true,"showMaterialUpdate":true,"showSkybox":false,"showFlares":true,"showImageEffects":true,"showParticleSystems":true},"in2DMode":false,"pivot":{"x":-0.5219480991363525,"y":2.884788751602173,"z":4.011870384216309},"rotation":{"x":0.001749756163917482,"y":0.9977411031723023,"z":-0.06535079330205918,"w":0.031130395829677583},"size":2.4747772216796877,"orthographic":false}