{"cameraMode":{"drawMode":0,"name":"Shaded","section":"Shading Mode"},"sceneLighting":true,"audioPlay":false,"sceneViewState":{"showFog":true,"showMaterialUpdate":true,"showSkybox":true,"showFlares":true,"showImageEffects":true,"showParticleSystems":true},"in2DMode":false,"pivot":{"x":342.95806884765627,"y":1.732945442199707,"z":47.23716354370117},"rotation":{"x":-0.002152225933969021,"y":0.9980064034461975,"z":-0.06113988906145096,"w":-0.028839707374572755},"size":5.679384708404541,"orthographic":false}