{"cameraMode":{"drawMode":0,"name":"Shaded","section":"Shading Mode"},"sceneLighting":false,"audioPlay":false,"sceneViewState":{"showFog":true,"showMaterialUpdate":true,"showSkybox":false,"showFlares":true,"showImageEffects":true,"showParticleSystems":true},"in2DMode":false,"pivot":{"x":0.0,"y":0.24159139394760133,"z":-0.22846901416778565},"rotation":{"x":-0.08114345371723175,"y":0.8976436257362366,"z":-0.39327743649482729,"w":-0.18313704431056977},"size":4.450389862060547,"orthographic":false}