{"cameraMode":{"drawMode":0,"name":"Shaded","section":"Shading Mode"},"sceneLighting":false,"audioPlay":false,"sceneViewState":{"showFog":true,"showMaterialUpdate":true,"showSkybox":false,"showFlares":true,"showImageEffects":true,"showParticleSystems":true},"in2DMode":false,"pivot":{"x":-0.0013865232467651368,"y":0.20560294389724732,"z":-0.012327335774898529},"rotation":{"x":0.0108918696641922,"y":0.9876602292060852,"z":-0.0801752433180809,"w":0.13414964079856873},"size":0.5323389768600464,"orthographic":false}