{"cameraMode":{"drawMode":0,"name":"Shaded","section":"Shading Mode"},"sceneLighting":false,"audioPlay":false,"sceneViewState":{"showFog":true,"showMaterialUpdate":true,"showSkybox":false,"showFlares":true,"showImageEffects":true,"showParticleSystems":true},"in2DMode":false,"pivot":{"x":0.0,"y":3.54008412361145,"z":0.04239761829376221},"rotation":{"x":0.028306322172284128,"y":-0.9719105958938599,"z":0.13497260212898255,"w":0.19234812259674073},"size":21.026485443115236,"orthographic":false}