{"cameraMode":{"drawMode":0,"name":"Shaded","section":"Shading Mode"},"sceneLighting":true,"audioPlay":false,"sceneViewState":{"showFog":true,"showMaterialUpdate":true,"showSkybox":false,"showFlares":true,"showImageEffects":true,"showParticleSystems":true},"in2DMode":false,"pivot":{"x":6.991889476776123,"y":6.065176010131836,"z":-12.161408424377442},"rotation":{"x":-0.17854027450084687,"y":-0.7093563079833984,"z":0.19351723790168763,"w":-0.6540499329566956},"size":12.445528984069825,"orthographic":false}