{"cameraMode":{"drawMode":0,"name":"Shaded","section":"Shading Mode"},"sceneLighting":false,"audioPlay":false,"sceneViewState":{"showFog":true,"showMaterialUpdate":true,"showSkybox":false,"showFlares":true,"showImageEffects":true,"showParticleSystems":true},"in2DMode":false,"pivot":{"x":0.0,"y":5.795894622802734,"z":0.5571069717407227},"rotation":{"x":0.33282551169395449,"y":0.010202194564044476,"z":-0.0035758756566792728,"w":0.9429832696914673},"size":19.884931564331056,"orthographic":false}