{"cameraMode":{"drawMode":0,"name":"Shaded","section":"Shading Mode"},"sceneLighting":true,"audioPlay":false,"sceneViewState":{"showFog":true,"showMaterialUpdate":true,"showSkybox":false,"showFlares":true,"showImageEffects":true,"showParticleSystems":true},"in2DMode":false,"pivot":{"x":-66.44622802734375,"y":2.202223300933838,"z":-13.776093482971192},"rotation":{"x":0.011987638659775257,"y":-0.9877867698669434,"z":0.09721057862043381,"w":0.12151926010847092},"size":27.79735565185547,"orthographic":false}