{"cameraMode":{"drawMode":0,"name":"Shaded","section":"Shading Mode"},"sceneLighting":false,"audioPlay":false,"sceneViewState":{"showFog":true,"showMaterialUpdate":true,"showSkybox":false,"showFlares":true,"showImageEffects":true,"showParticleSystems":true},"in2DMode":false,"pivot":{"x":0.11522512882947922,"y":0.15127462148666383,"z":-1.4901161193847657e-8},"rotation":{"x":-0.010269615799188614,"y":0.9610751867294312,"z":-0.0360572375357151,"w":-0.2737620770931244},"size":1.9907786846160889,"orthographic":false}