{"cameraMode":{"drawMode":0,"name":"Shaded","section":"Shading Mode"},"sceneLighting":false,"audioPlay":false,"sceneViewState":{"showFog":true,"showMaterialUpdate":true,"showSkybox":false,"showFlares":true,"showImageEffects":true,"showParticleSystems":true},"in2DMode":false,"pivot":{"x":-1.0,"y":0.2500001788139343,"z":-2.9802322387695315e-8},"rotation":{"x":0.06805314123630524,"y":0.8126031160354614,"z":-0.09780476987361908,"w":0.5710487961769104},"size":2.701611042022705,"orthographic":false}